NHLAvalanche,NHL/NHLAvalanche.png,NHL,Colorado Avalanche
NHLBlackhawks,NHL/NHLBlackhawks.png,NHL,Chicago Blackhawks
NHLBlueJackets,NHL/NHLBlueJackets.png,NHL,Columbus Blue Jackets
NHLBlues,NHL/NHLBlues.png,NHL,St. Louis Blues
NHLBruins,NHL/NHLBruins.png,NHL,Boston Bruins
NHLCanadiens,NHL/NHLCanadiens.png,NHL,Montreal Canadiens
NHLCanucks,NHL/NHLCanucks.png,NHL,Vancouver Canucks
NHLCapitals,NHL/NHLCapitals.png,NHL,Washington Capitals
NHLCoyotes,NHL/NHLCoyotes.png,NHL,Phoenix Coyotes
NHLDevils,NHL/NHLDevils.png,NHL,New Jersey Devils
NHLDucks,NHL/NHLDucks.png,NHL,Anaheim Ducks
NHLFlames,NHL/NHLFlames.png,NHL,Calgary Flames
NHLFlyers,NHL/NHLFlyers.png,NHL,Philadelphia Flyers
NHLHurricanes,NHL/NHLHurricanes.png,NHL,Carolina Hurricanes
NHLIslanders,NHL/NHLIslanders.png,NHL,New York Islanders
NHLJets,NHL/NHLJets.png,NHL,Winnipeg Jets
NHLKings,NHL/NHLKings.png,NHL,Los Angeles Kings
NHLLeafs,NHL/NHLLeafs.png,NHL,Toronto Maple Leafs
NHLLightning,NHL/NHLLightning.png,NHL,Tampa Bay Lightning
NHLNHL,NHL/NHLNHL.png,NHL,NHL Logo
NHLOilers,NHL/NHLOilers.png,NHL,Edmonton Oilers
NHLPanthers,NHL/NHLPanthers.png,NHL,Florida Panthers
NHLPenguins,NHL/NHLPenguins.png,NHL,Pittsburgh Penguins
NHLPredators,NHL/NHLPredators.png,NHL,Nashville Predators
NHLRangers,NHL/NHLRangers.png,NHL,New York Rangers
NHLRedWings,NHL/NHLRedWings.png,NHL,Detroit Red Wings
NHLSabres,NHL/NHLSabres.png,NHL,Buffalo Sabres
NHLSenators,NHL/NHLSenators.png,NHL,Ottawa Senators
NHLSharks,NHL/NHLSharks.png,NHL,San Jose Sharks
NHLStars,NHL/NHLStars.png,NHL,Dallas Stars
NHLWild,NHL/NHLWild.png,NHL,Minnesota Wild
MLBAngels,MLB/MLBAngels.png,MLB,Anaheim Angels
MLBAstros,MLB/MLBAstros.png,MLB,Houston Astros
MLBAthletics,MLB/MLBAthletics.png,MLB,Oakland Athletics
MLBBlueJays,MLB/MLBBlueJays.png,MLB,Toronto Blue Jays
MLBBraves,MLB/MLBBraves.png,MLB,Atlanta Braves
MLBBrewers,MLB/MLBBrewers.png,MLB,Milwauke Brewers
MLBCardinals,MLB/MLBCardinals.png,MLB,St. Louis Cardinals
MLBCubs,MLB/MLBCubs.png,MLB,Chicago Cubs
MLBDiamondBacks,MLB/MLBDiamondbacks.png,MLB,Arizona Diamondbacks
MLBDodgers,MLB/MLBDodgers.png,MLB,Los Angeles Dodgers
MLBGiants,MLB/MLBGiants.png,MLB,San Francisco Giants
MLBIndians,MLB/MLBIndians.png,MLB,Cleveland Indians
MLBMariners,MLB/MLBMariners.png,MLB,Seattle Mariners
MLBMarlins,MLB/MLBMarlins.png,MLB,Miami Marlins
MLBMets,MLB/MLBMets.png,MLB,New York Mets
MLBMLB,MLB/MLBMLB.png,MLB,MLB Logo
MLBNationals,MLB/MLBNationals.png,MLB,Washington Nationals
MLBOrioles,MLB/MLBOrioles.png,MLB,Baltimore Orioles
MLBPadres,MLB/MLBPadres.png,MLB,San Diego Padres
MLBPhillies,MLB/MLBPhillies.png,MLB,Philadelphia Phillies
MLBPirates,MLB/MLBPirates.png,MLB,Pittsburgh Pirates
MLBRangers,MLB/MLBRangers.png,MLB,Texas Rangers
MLBRays,MLB/MLBRays.png,MLB,Tampa Bay Rays
MLBReds,MLB/MLBReds.png,MLB,Cincinnati Reds
MLBRedSox,MLB/MLBRedSox.png,MLB,Boston Red Sox
MLBRockies,MLB/MLBRockies.png,MLB,Colorado Rockies
MLBRoyals,MLB/MLBRoyals.png,MLB,Kansas City Royals
MLBTigers,MLB/MLBTigers.png,MLB,Detroit Tigers
MLBTwins,MLB/MLBTwins.png,MLB,Minnesota Twins
MLBWhiteSox,MLB/MLBWhiteSox.png,MLB,Chicago White Sox
MLBYankees,MLB/MLBYankees.png,MLB,New York Yankees
NBA76ers,NBA/NBA76ers.png,NBA,Philadelphia 76ers
NBABobcats,NBA/NBABobcats.png,NBA,Charlotte Bobcats
NBABucks,NBA/NBABucks.png,NBA,Milwauke Bucks
NBABulls,NBA/NBABulls.png,NBA,Chicago Bulls
NBACavaliers,NBA/NBACavaliers.png,NBA,Cleveland Cavaliers
NBACeltics,NBA/NBACeltics.png,NBA,Boston Celtics
NBAClippers,NBA/NBAClippers.png,NBA,Los Angeles Clippers
NBAGrizzlies,NBA/NBAGrizzlies.png,NBA,Memphis Grizzlies
NBAHawks,NBA/NBAHawks.png,NBA,Atlanta Hawks
NBAHeat,NBA/NBAHeat.png,NBA,Miami Heat
NBAHornets,NBA/NBAHornets.png,NBA,New Orleans Hornets
NBAJazz,NBA/NBAJazz.png,NBA,Utah Jazz
NBAKings,NBA/NBAKings.png,NBA,Sacramento Kings
NBAKnicks,NBA/NBAKnicks.png,NBA,New York Knicks
NBALakers,NBA/NBALakers.png,NBA,Los Angeles Lakers
NBAMagic,NBA/NBAMagic.png,NBA,Orlando Magic
NBAMavericks,NBA/NBAMavericks.png,NBA,Dallas Mavericks
NBANBA,NBA/NBANBA.png,NBA,NBA Logo
NBANets,NBA/NBANets.png,NBA,New Jersey Nets
NBANuggets,NBA/NBANuggets.png,NBA,Denver Nuggets
NBAPacers,NBA/NBAPacers.png,NBA,Indiana Pacers
NBAPistons,NBA/NBAPistons.png,NBA,Detroit Pistons
NBARaptors,NBA/NBARaptors.png,NBA,Toronto Raptors
NBARockets,NBA/NBARockets.png,NBA,Houston Rockets
NBASpurs,NBA/NBASpurs.png,NBA,San Antonio Spurs
NBASuns,NBA/NBASuns.png,NBA,Phoenix Suns
NBAThunder,NBA/NBAThunder.png,NBA,Oklahoma City Thunder
NBATimberwolves,NBA/NBATimberwolves.png,NBA,Minnesota Timberwolves
NBATrailBlazers,NBA/NBATrailBlazers.png,NBA,Portland Trail Blazers
NBAWarriors,NBA/NBAWarriors.png,NBA,Golden State Warriors
NBAWizards,NBA/NBAWizards.png,NBA,Washington Wizards
NFL49ers,NFL/NFL49ers.png,NFL,San Francisco 49ers
NFLBears,NFL/NFLBears.png,NFL,Chicago Bears
NFLBengals,NFL/NFLBengals.png,NFL,Cincinnati Bengals
NFLBills,NFL/NFLBills.png,NFL,Buffalo Bills
NFLBroncos,NFL/NFLBroncos.png,NFL,Denver Broncos
NFLBrowns,NFL/NFLBrowns.png,NFL,Cleveland Browns
NFLBuccaneers,NFL/NFLBuccaneers.png,NFL,Tampa Bay Buccaneers
NFLCardinals,NFL/NFLCardinals.png,NFL,Arizona Cardinals
NFLChargers,NFL/NFLChargers.png,NFL,San Diego Chargers
NFLChiefs,NFL/NFLChiefs.png,NFL,Kansas City Chiefs
NFLColts,NFL/NFLColts.png,NFL,Indianapolis Colts
NFLCowboys,NFL/NFLCowboys.png,NFL,Dallas Cowboys
NFLDolphins,NFL/NFLDolphins.png,NFL,Miami Dolphins
NFLEagles,NFL/NFLEagles.png,NFL,Philadelphia Eagles
NFLFalcons,NFL/NFLFalcons.png,NFL,Atlanta Falcons
NFLGiants,NFL/NFLGiants.png,NFL,New York Giants
NFLJaguars,NFL/NFLJaguars.png,NFL,Jacksonville Jaguars
NFLJets,NFL/NFLJets.png,NFL,New York Jets
NFLLions,NFL/NFLLions.png,NFL,Detroit Lions
NFLNFL,NFL/NFLNFL.png,NFL,NFL Logo
NFLPackers,NFL/NFLPackers.png,NFL,Green Bay Packers
NFLPanthers,NFL/NFLPanthers.png,NFL,Carolina Panthers
NFLPatriots,NFL/NFLPatriots.png,NFL,New England Patroits
NFLRaiders,NFL/NFLRaiders.png,NFL,Oakland Raiders
NFLRams,NFL/NFLRams.png,NFL,St. Louis Rams
NFLRavens,NFL/NFLRavens.png,NFL,Baltimore Ravens
NFLRedskins,NFL/NFLRedskins.png,NFL,Washington Redskins
NFLSaints,NFL/NFLSaints.png,NFL,New Orleans Saints
NFLSeahawks,NFL/NFLSeahawks.png,NFL,Seattle Seahawks
NFLSteelers,NFL/NFLSteelers.png,NFL,Pittsburgh Steelers
NFLTexans,NFL/NFLTexans.png,NFL,Houston Texans
NFLTitans,NFL/NFLTitans.png,NFL,Tennessee Titans
NFLVikings,NFL/NFLVikings.png,NFL,Minnesota Vikings
SOCac-milan,Soccer/ac-milan.gif,Soccer,AC Milan
SOCajax,Soccer/ajax.gif,Soccer,Ajax
SOCarsenal,Soccer/arsenal.gif,Soccer,Arsenal
SOCaston-villa,Soccer/aston-villa.gif,Soccer,Aston Villa
SOCatletico-madrid,Soccer/atletico-madrid.gif,Soccer,Atletico Madrid
SOCbarcelona,Soccer/barcelona.gif,Soccer,Barcelona
SOCbarnsley,Soccer/barnsley.gif,Soccer,Barnsley
SOCbayer-leverkusen,Soccer/bayer-leverkusen.gif,Soccer,Bayer 04 Leverkusen
SOCbayern-munich,Soccer/bayern-munich.gif,Soccer,Bayern Munchen
SOCbenfica,Soccer/benfica.gif,Soccer,Benfica
SOCbestikas,Soccer/bestikas.gif,Soccer,Besiktas
SOCbirmingham,Soccer/birmingham.gif,Soccer,Birmingham City
SOCblackburn,Soccer/blackburn.gif,Soccer,Blackburn Rovers
SOCboca-juniors,Soccer/boca-juniors.gif,Soccer,Boca Juniors
SOCbolton,Soccer/bolton.gif,Soccer,Bolton Wanderers
SOCborussia-dortmund,Soccer/borussia-dortmund.gif,Soccer,Borussia Dortmund
SOCbrazil,Soccer/brazil.gif,Soccer,Brasil
SOCceltic,Soccer/celtic.gif,Soccer,Celtic
SOCchelsea,Soccer/chelsea.gif,Soccer,Chelsea
SOCchicago-fire,Soccer/chicago-fire.gif,Soccer,Chicago Fire
SOCchivas,Soccer/chivas.gif,Soccer,Chivas
SOCclub-america,Soccer/club-america.gif,Soccer,Club America
SOCcolorado-rapids,Soccer/colorado-rapids.gif,Soccer,Colorado Rapids
SOCcolumbus-crew,Soccer/columbus-crew.gif,Soccer,Columbus Crew
SOCcoventry,Soccer/coventry.gif,Soccer,Coventry City
SOCcruz-azul,Soccer/cruz-azul.gif,Soccer,Cruz Azul
SOCdc-united,Soccer/dc-united.gif,Soccer,DC United
SOCdinamo-zagreb,Soccer/dinamo-zagreb.gif,Soccer,Dinamo Zagreb
SOCeverton,Soccer/everton.gif,Soccer,Everton
SOCfc-copenhagen,Soccer/fc-copenhagen.gif,Soccer,FC Kobenhavn
SOCfc-dallas,Soccer/fc-dallas.gif,Soccer,FC Dallas
SOCfc-porto,Soccer/fc-porto.gif,Soccer,FC Porto
SOCfenerbahce,Soccer/fenerbahce.gif,Soccer,Fenerbahce
SOCfeyenoord,Soccer/feyenoord.gif,Soccer,Feyenoord
SOCfiorentina,Soccer/fiorentina.gif,Soccer,Fiorentina
SOCfulham,Soccer/fulham.gif,Soccer,Fulham
SOCgalatasaray,Soccer/galatasaray.gif,Soccer,Galatasaray
SOCgermany,Soccer/germany.gif,Soccer,Germany
SOChajduk-split,Soccer/hajduk-split.gif,Soccer,Hajduk Split
SOChamburg,Soccer/hamburg.gif,Soccer,Hamburger SV
SOCholland,Soccer/holland.gif,Soccer,Holland
SOChouston-dynamo,Soccer/houston-dynamo.gif,Soccer,Houston Dynamo
SOCinter,Soccer/inter.gif,Soccer,Internazionale
SOCireland,Soccer/ireland.gif,Soccer,Republic of Ireland
SOCjuventus,Soccer/juventus.gif,Soccer,Juventus
SOCla-galaxy,Soccer/la-galaxy.gif,Soccer,LA Galaxy
SOCleeds,Soccer/leeds.gif,Soccer,Leeds United
SOCleicester,Soccer/leicester.gif,Soccer,Leicester City
SOCliverpool,Soccer/liverpool.gif,Soccer,Liverpool
SOClyon,Soccer/lyon.gif,Soccer,Olympique Lyonnais
SOCman-city,Soccer/man-city.gif,Soccer,Manchester City
SOCman-utd,Soccer/man-utd.gif,Soccer,Manchester United
SOCmexico,Soccer/mexico.gif,Soccer,Mexico
SOCmiddlesboro,Soccer/middlesboro.gif,Soccer,Middlesbrough
SOCmonterrey,Soccer/monterrey.gif,Soccer,Monterrey
SOCmontreal-impact,Soccer/montreal-impact.gif,Soccer,Montreal Impact
SOCnapoli,Soccer/napoli.gif,Soccer,Napoli
SOCnew-england-revolution,Soccer/new-england-revolution.gif,Soccer,New England Revolution
SOCnew-york-red-bulls,Soccer/new-york-red-bulls.gif,Soccer,New York Red Bulls
SOCnewcastle,Soccer/newcastle.gif,Soccer,Newcastle United
SOCnorwich,Soccer/norwich.gif,Soccer,Norwich City
SOCnottm-forest,Soccer/nottm-forest.gif,Soccer,Nottingham Forest
SOCparis-sg,Soccer/paris-sg.gif,Soccer,Paris Saint-Germain
SOCphiladelphia-union,Soccer/philadelphia-union.gif,Soccer,Philadelphia Union
SOCportland-timbers,Soccer/portland-timbers.gif,Soccer,Portland Timbers
SOCportsmouth,Soccer/portsmouth.gif,Soccer,Portsmouth
SOCpsv,Soccer/psv.gif,Soccer,PSV Eindhoven
SOCpumas,Soccer/pumas.gif,Soccer,Pumas
SOCqpr,Soccer/qpr.gif,Soccer,Queens Park Rangers
SOCrangers,Soccer/rangers.gif,Soccer,Rangers
SOCreading,Soccer/reading.gif,Soccer,Reading
SOCreal-madrid,Soccer/real-madrid.gif,Soccer,Real Madrid
SOCreal-salt-lake,Soccer/real-salt-lake.gif,Soccer,Real Salt Lake
SOCriver-plate,Soccer/river-plate.gif,Soccer,River Plate
SOCroma,Soccer/roma.gif,Soccer,AS Roma
SOCrosenborg,Soccer/rosenborg.gif,Soccer,Rosenborg
SOCsan-jose-earthquakes,Soccer/san-jose-earthquakes.gif,Soccer,San Jose Earthquakes
SOCsao-paulo,Soccer/sao-paulo.gif,Soccer,Sao Paulo
SOCseattle-sounders,Soccer/seattle-sounders.gif,Soccer,Seattle Sounders
SOCsheff-wed,Soccer/sheff-wed.gif,Soccer,Sheffield Wednesday
SOCsouthampton,Soccer/southampton.gif,Soccer,Southampton
SOCsporting-club,Soccer/sporting-club.gif,Soccer,Sporting Clube de Portugal
SOCsporting-kc,Soccer/sporting-kc.gif,Soccer,Sporting KC
SOCst-pauli,Soccer/st-pauli.gif,Soccer,FC St. Pauli
SOCstoke,Soccer/stoke.gif,Soccer,Stoke City
SOCstuttgart,Soccer/stuttgart.gif,Soccer,VfB Stuttgart
SOCsunderland,Soccer/sunderland.gif,Soccer,Sunderland
SOCswansea,Soccer/swansea.gif,Soccer,Swansea City
SOCtigres,Soccer/tigres.gif,Soccer,Tigres
SOCtoronto-fc,Soccer/toronto-fc.gif,Soccer,Toronto FC
SOCtottenham,Soccer/tottenham.gif,Soccer,Tottenham Hotspur
SOCusmnt,Soccer/usmnt.gif,Soccer,USMNT
SOCvalencia,Soccer/valencia.gif,Soccer,Valencia
SOCvancouver-whitecaps,Soccer/vancouver-whitecaps.gif,Soccer,Vancouver Whitecaps
SOCvillarreal,Soccer/villarreal.gif,Soccer,Villarreal
SOCwellington-phoenix,Soccer/wellington-phoenix.gif,Soccer,Wellington Phoenix
SOCwerder-bremen,Soccer/werder-bremen.gif,Soccer,Werder Bremen
SOCwest-brom,Soccer/west-brom.gif,Soccer,West Bromwich Albion
SOCwest-ham,Soccer/west-ham.gif,Soccer,West Ham United
SOCwolves,Soccer/wolves.gif,Soccer,Wolves
